cross_point,latlong_obj,sat_obj,eng_obj,tag,text,sat_diff,sat_deg,eng_hms,eng_km,RowNum
,"{""type"":""Point"", ""coordinates"":[93.0249946355823,-35.5177554881147]}",,,,"Flight simul A 35.518°S 93.025°E | -35.51775548811467, 93.02499463558227",,,,,1234
,"{""type"":""Point"", ""coordinates"":[93.0389678105353,-35.8748347948269]}",,,,"Flight simul B 35.875°S 93.039° E | -35.874834794826896, 93.03896781053533",,,,,1235
,"{""type"":""Point"", ""coordinates"":[99.9339463526454,-29.1277750468636]}",,,,"WSPR-A 29.128°S 99.934°E | -29.127775046863643, 99.93394635264544",,,,,1236
,"{""type"":""Point"", ""coordinates"":[95.2999409914052,-33.176757543323]}",,,,"WSPR-B 33.177°S 95.300°E | -33.176757543322985, 95.29994099140524",,,,,1237
,"{""type"":""Point"", ""coordinates"":[92.9098632745795,-34.6294446245644]}",,,,"Ocean 35°36'00.0""S 92°48'00.0""E | -34.629444624564364, 92.9098632745795",,,,,1238
,"{""type"":""Point"", ""coordinates"":[87.9547656623548,-32.5350015195158]}",,,,"IG 17-July 36°01'12.0""S 88°34'12.0""E | -32.53500151951579, 87.95476566235483",,,,,1239
,"{""type"":""Point"", ""coordinates"":[89.9588906196636,-34.1043856845898]}",,,,"July15 37°06'18.0""S 89°52'15.6""E | -34.104385684589765, 89.95889061966359",,,,,1240
,"{""type"":""Point"", ""coordinates"":[87.399978539451,-38.0818479620659]}",,,,"Simon Hardy 38°04'55.2""S 87°24'00.0""E | -38.081847962065886, 87.39997853945096",,,,,1241
,,"{""type"":""LineString"", ""coordinates"":[[93.59499,0.155], [93.532845,-1.822506], [93.346652,-3.792208], [93.037148,-5.746332], [92.605554,-7.677166], [92.053573,-9.57709], [91.383384,-11.438606], [90.597631,-13.254368], [89.699415,-15.017208], [88.692282,-16.720171], [87.580206,-18.356536], [86.367576,-19.919843], [85.059177,-21.403925], [83.660173,-22.802923], [82.176087,-24.111317], [80.612773,-25.323943], [78.976403,-26.436015], [77.273434,-27.443144], [75.510586,-28.341357], [73.694818,-29.127107], [71.833296,-29.797294], [69.933364,-30.349273], [68.002523,-30.780865], [66.048392,-31.090368], [64.078683,-31.27656], [62.10117,-31.338705], [60.123656,-31.27656], [58.153947,-31.090368], [56.199816,-30.780865], [54.268975,-30.349273], [52.369044,-29.797294], [50.507521,-29.127107], [50,-28.907484], [50,29.217484], [50.507521,29.437107], [52.071022,30], [72.131318,30], [73.694818,29.437107], [75.510586,28.651357], [77.273434,27.753144], [78.976403,26.746015], [80.612773,25.633943], [82.176087,24.421317], [83.660173,23.112923], [85.059177,21.713925], [86.367576,20.229843], [87.580206,18.666536], [88.692282,17.030171], [89.699415,15.327208], [90.597631,13.564368], [91.383384,11.748606], [92.053573,9.88709], [92.605554,7.987166], [93.037148,6.056332], [93.346652,4.102208], [93.532845,2.132506], [93.59499,0.155]]}",,sat,,3500,55,,,1242
,,"{""type"":""LineString"", ""coordinates"":[[94.494814,0.155], [94.430892,-1.879006], [94.23938,-3.904985], [93.921033,-5.914941], [93.477108,-7.900942], [92.909356,-9.85515], [92.220018,-11.769852], [91.411815,-13.637492], [90.487936,-15.4507], [89.452028,-17.202319], [88.308178,-18.885437], [87.060901,-20.49341], [85.71512,-22.019894], [84.276145,-23.458864], [82.749656,-24.80464], [81.141676,-26.051913], [79.458552,-27.195758], [77.706927,-28.231663], [75.893713,-29.155538], [74.026065,-29.963738], [72.111356,-30.653074], [70.157141,-31.220823], [68.171133,-31.664747], [66.16117,-31.983093], [64.135183,-32.174604], [62.10117,-32.238526], [60.067156,-32.174604], [58.04117,-31.983093], [56.031206,-31.664747], [54.045198,-31.220823], [52.090983,-30.653074], [50.176274,-29.963738], [50,-29.887458], [50,30], [74.658639,30], [75.893713,29.465538], [77.706927,28.541663], [79.458552,27.505758], [81.141676,26.361913], [82.749656,25.11464], [84.276145,23.768864], [85.71512,22.329894], [87.060901,20.80341], [88.308178,19.195437], [89.452028,17.512319], [90.487936,15.7607], [91.411815,13.947492], [92.220018,12.079852], [92.909356,10.16515], [93.477108,8.210942], [93.921033,6.224941], [94.23938,4.214985], [94.430892,2.189006], [94.494814,0.155]]}",,sat,,3600,54,,,1243
,,"{""type"":""LineString"", ""coordinates"":[[95.394637,0.155], [95.32894,-1.935506], [95.132108,-4.017763], [94.804918,-6.083551], [94.348662,-8.124718], [93.765139,-10.13321], [93.056653,-12.101098], [92.226,-14.020617], [91.276458,-15.884192], [90.211774,-17.684467], [89.036151,-19.414338], [87.754227,-21.066977], [86.371063,-22.635863], [84.892117,-24.114805], [83.323225,-25.497964], [81.670579,-26.779883], [79.940702,-27.955502], [78.14042,-29.020181], [76.276839,-29.96972], [74.357313,-30.80037], [72.389417,-31.508853], [70.380918,-32.092374], [68.339743,-32.548629], [66.273948,-32.875818], [64.191684,-33.072649], [62.10117,-33.138346], [60.010656,-33.072649], [57.928392,-32.875818], [55.862596,-32.548629], [53.821421,-32.092374], [51.812922,-31.508853], [50,-30.856163], [50,30], [76.825822,30], [78.14042,29.330181], [79.940702,28.265502], [81.670579,27.089883], [83.323225,25.807964], [84.892117,24.424805], [86.371063,22.945863], [87.754227,21.376977], [89.036151,19.724338], [90.211774,17.994467], [91.276458,16.194192], [92.226,14.330617], [93.056653,12.411098], [93.765139,10.44321], [94.348662,8.434718], [94.804918,6.393551], [95.132108,4.327763], [95.32894,2.245506], [95.394637,0.155]]}",,sat,,3700,53,,,1244
,,"{""type"":""LineString"", ""coordinates"":[[96.294461,0.155], [96.226988,-1.992007], [96.024836,-4.13054], [95.688804,-6.25216], [95.220216,-8.348495], [94.620922,-10.411269], [93.893288,-12.432344], [93.040184,-14.403742], [92.064979,-16.317683], [90.97152,-18.166614], [89.764123,-19.943239], [88.447553,-21.640544], [87.027006,-23.251833], [85.508088,-24.770745], [83.896794,-26.191287], [82.199482,-27.507852], [80.422851,-28.715245], [78.573913,-29.8087], [76.659965,-30.783902], [74.68856,-31.637002], [72.667478,-32.364633], [70.604695,-32.963925], [68.508354,-33.432511], [66.386725,-33.768543], [64.248184,-33.970693], [62.10117,-34.038166], [59.954155,-33.970693], [57.815614,-33.768543], [55.693986,-33.432511], [53.597644,-32.963925], [51.534862,-32.364633], [50,-31.812051], [50,30], [78.774624,30], [80.422851,29.025245], [82.199482,27.817852], [83.896794,26.501287], [85.508088,25.080745], [87.027006,23.561833], [88.447553,21.950544], [89.764123,20.253239], [90.97152,18.476614], [92.064979,16.627683], [93.040184,14.713742], [93.893288,12.742344], [94.620922,10.721269], [95.220216,8.658495], [95.688804,6.56216], [96.024836,4.44054], [96.226988,2.302007], [96.294461,0.155]]}",,sat,,3800,52,,,1245
,,"{""type"":""LineString"", ""coordinates"":[[97.194284,0.155], [97.125036,-2.048507], [96.917564,-4.243317], [96.572689,-6.42077], [96.091769,-8.572271], [95.476705,-10.689329], [94.729922,-12.76359], [93.854369,-14.786867], [92.8535,-16.751175], [91.731266,-18.648762], [90.492096,-20.47214], [89.140879,-22.214111], [87.682949,-23.867802], [86.12406,-25.426686], [84.470363,-26.88461], [82.728385,-28.235822], [80.905001,-29.474988], [79.007407,-30.597218], [77.043091,-31.598083], [75.019807,-32.473633], [72.945538,-33.220413], [70.828472,-33.835475], [68.676964,-34.316393], [66.499503,-34.661267], [64.304685,-34.868738], [62.10117,-34.937986], [59.897655,-34.868738], [57.702836,-34.661267], [55.525376,-34.316393], [53.373867,-33.835475], [51.256801,-33.220413], [50,-32.767938], [50,30], [80.541434,30], [80.905001,29.784988], [82.728385,28.545822], [84.470363,27.19461], [86.12406,25.736686], [87.682949,24.177802], [89.140879,22.524111], [90.492096,20.78214], [91.731266,18.958762], [92.8535,17.061175], [93.854369,15.096867], [94.729922,13.07359], [95.476705,10.999329], [96.091769,8.882271], [96.572689,6.73077], [96.917564,4.553317], [97.125036,2.358507], [97.194284,0.155]]}",,sat,,3900,51,,,1246
,,"{""type"":""LineString"", ""coordinates"":[[98.094108,0.155], [98.023084,-2.105007], [97.810293,-4.356095], [97.456574,-6.589379], [96.963323,-8.796047], [96.332488,-10.967389], [95.566557,-13.094836], [94.668554,-15.169992], [93.642022,-17.184667], [92.491012,-19.13091], [91.220068,-21.001041], [89.834205,-22.787678], [88.338892,-24.483771], [86.740031,-26.082627], [85.043932,-27.577934], [83.257288,-28.963792], [81.38715,-30.234731], [79.4409,-31.385737], [77.426217,-32.412265], [75.351054,-33.310265], [73.223599,-34.076193], [71.052249,-34.707026], [68.845574,-35.200275], [66.612281,-35.553992], [64.361185,-35.766783], [62.10117,-35.837806], [59.841154,-35.766783], [57.590058,-35.553992], [55.356766,-35.200275], [53.15009,-34.707026], [50.97874,-34.076193], [50,-33.723826], [50,30], [82.188701,30], [83.257288,29.273792], [85.043932,27.887934], [86.740031,26.392627], [88.338892,24.793771], [89.834205,23.097678], [91.220068,21.311041], [92.491012,19.44091], [93.642022,17.494667], [94.668554,15.479992], [95.566557,13.404836], [96.332488,11.277389], [96.963323,9.106047], [97.456574,6.899379], [97.810293,4.666095], [98.023084,2.415007], [98.094108,0.155]]}",,sat,,4000,50,,,1247
,,"{""type"":""LineString"", ""coordinates"":[[98.993931,0.155], [98.921132,-2.161507], [98.703021,-4.468872], [98.340459,-6.757989], [97.834877,-9.019823], [97.188271,-11.245449], [96.403192,-13.426082], [95.482738,-15.553116], [94.430543,-17.618158], [93.250758,-19.613058], [91.948041,-21.529942], [90.527531,-23.361245], [88.994835,-25.099741], [87.356003,-26.738567], [85.617501,-28.271257], [83.786191,-29.691762], [81.8693,-30.994475], [79.874393,-32.174255], [77.809343,-33.226446], [75.682301,-34.146896], [73.50166,-34.931973], [71.276026,-35.578577], [69.014184,-36.084157], [66.725059,-36.446717], [64.417685,-36.664827], [62.10117,-36.737626], [59.784654,-36.664827], [57.477281,-36.446717], [55.188156,-36.084157], [52.926313,-35.578577], [50.700679,-34.931973], [50,-34.679714], [50,30], [83.788463,30], [85.617501,28.581257], [87.356003,27.048567], [88.994835,25.409741], [90.527531,23.671245], [91.948041,21.839942], [93.250758,19.923058], [94.430543,17.928158], [95.482738,15.863116], [96.403192,13.736082], [97.188271,11.555449], [97.834877,9.329823], [98.340459,7.067989], [98.703021,4.778872], [98.921132,2.471507], [98.993931,0.155]]}",,sat,,4100,49,,,1248
,,"{""type"":""LineString"", ""coordinates"":[[99.893755,0.155], [99.819179,-2.218007], [99.595749,-4.58165], [99.224344,-6.926598], [98.706431,-9.243599], [98.044054,-11.523508], [97.239826,-13.757327], [96.296923,-15.936241], [95.219064,-18.05165], [94.010504,-20.095205], [92.676013,-22.058843], [91.220857,-23.934812], [89.650778,-25.71571], [87.971974,-27.394508], [86.19107,-28.964581], [84.315094,-30.419731], [82.351449,-31.754218], [80.307886,-32.962773], [78.19247,-34.040628], [76.013548,-34.983528], [73.779721,-35.787753], [71.499803,-36.450127], [69.182794,-36.968038], [66.837837,-37.339442], [64.474186,-37.562872], [62.10117,-37.637447], [59.728154,-37.562872], [57.364503,-37.339442], [55.019545,-36.968038], [52.702536,-36.450127], [50.422619,-35.787753], [50,-35.635601], [50,30], [85.255862,30], [86.19107,29.274581], [87.971974,27.704508], [89.650778,26.02571], [91.220857,24.244812], [92.676013,22.368843], [94.010504,20.405205], [95.219064,18.36165], [96.296923,16.246241], [97.239826,14.067327], [98.044054,11.833508], [98.706431,9.553599], [99.224344,7.236598], [99.595749,4.89165], [99.819179,2.528007], [99.893755,0.155]]}",,sat,,4200,48,,,1249
,,"{""type"":""LineString"", ""coordinates"":[[100.793578,0.155], [100.717227,-2.274508], [100.488477,-4.694427], [100.108229,-7.095208], [99.577985,-9.467375], [98.899837,-11.801568], [98.076461,-14.088573], [97.111107,-16.319366], [96.007586,-18.485142], [94.77025,-20.577353], [93.403986,-22.587744], [91.914183,-24.508379], [90.306721,-26.331679], [88.587946,-28.050449], [86.764639,-29.657904], [84.843997,-31.147701], [82.833599,-32.513961], [80.74138,-33.751292], [78.575596,-34.85481], [76.344795,-35.82016], [74.057781,-36.643532], [71.72358,-37.321678], [69.351404,-37.85192], [66.950614,-38.232167], [64.530686,-38.460916], [62.10117,-38.537267], [59.671653,-38.460916], [57.251725,-38.232167], [54.850935,-37.85192], [52.478759,-37.321678], [50.144558,-36.643532], [50,-36.591488], [50,30], [86.723261,30], [86.764639,29.967904], [88.587946,28.360449], [90.306721,26.641679], [91.914183,24.818379], [93.403986,22.897744], [94.77025,20.887353], [96.007586,18.795142], [97.111107,16.629366], [98.076461,14.398573], [98.899837,12.111568], [99.577985,9.777375], [100.108229,7.405208], [100.488477,5.004427], [100.717227,2.584508], [100.793578,0.155]]}",,sat,,4300,47,,,1250
,,"{""type"":""LineString"", ""coordinates"":[[101.693401,0.155], [101.615275,-2.331008], [101.381205,-4.807204], [100.992114,-7.263817], [100.449539,-9.691152], [99.75562,-12.079628], [98.913096,-14.419819], [97.925292,-16.702491], [96.796107,-18.918633], [95.529997,-21.059501], [94.131958,-23.116645], [92.607509,-25.081946], [90.962665,-26.947648], [89.203917,-28.706389], [87.338208,-30.351227], [85.3729,-31.875671], [83.315748,-33.273705], [81.174873,-34.53981], [78.958722,-35.668991], [76.676042,-36.656791], [74.335842,-37.499312], [71.947357,-38.193229], [69.520014,-38.735802], [67.851926,-39], [56.350413,-39], [54.682325,-38.735802], [52.254982,-38.193229], [50,-37.538098], [50,30], [88.088225,30], [89.203917,29.016389], [90.962665,27.257648], [92.607509,25.391946], [94.131958,23.426645], [95.529997,21.369501], [96.796107,19.228633], [97.925292,17.012491], [98.913096,14.729819], [99.75562,12.389628], [100.449539,10.001152], [100.992114,7.573817], [101.381205,5.117204], [101.615275,2.641008], [101.693401,0.155]]}",,sat,,4400,46,,,1251
,,"{""type"":""LineString"", ""coordinates"":[[102.593225,0.155], [102.513323,-2.387508], [102.273933,-4.919982], [101.875999,-7.432427], [101.321092,-9.914928], [100.611403,-12.357687], [99.74973,-14.751065], [98.739477,-17.085615], [97.584628,-19.352125], [96.289743,-21.541649], [94.85993,-23.645546], [93.300834,-25.655513], [91.618608,-27.563618], [89.819889,-29.36233], [87.911777,-31.044551], [85.901803,-32.603641], [83.797898,-34.033448], [81.608366,-35.328329], [79.341848,-36.483173], [77.007289,-37.493423], [74.613903,-38.355092], [72.394106,-39], [51.808233,-39], [50,-38.474662], [50,30], [89.448219,30], [89.819889,29.67233], [91.618608,27.873618], [93.300834,25.965513], [94.85993,23.955546], [96.289743,21.851649], [97.584628,19.662125], [98.739477,17.395615], [99.74973,15.061065], [100.611403,12.667687], [101.321092,10.224928], [101.875999,7.742427], [102.273933,5.229982], [102.513323,2.697508], [102.593225,0.155]]}",,sat,,4500,45,,,1252
,,"{""type"":""LineString"", ""coordinates"":[[103.493048,0.155], [103.411371,-2.444008], [103.166661,-5.032759], [102.759884,-7.601036], [102.192646,-10.138704], [101.467186,-12.635747], [100.586365,-15.082311], [99.553661,-17.46874], [98.373149,-19.785617], [97.049489,-22.023796], [95.587903,-24.174447], [93.99416,-26.22908], [92.274551,-28.179587], [90.43586,-30.018271], [88.485346,-31.737874], [86.430706,-33.331611], [84.280047,-34.793191], [82.041859,-36.116847], [79.724974,-37.297354], [77.338536,-38.330055], [75.477686,-39], [50,-39], [50,30], [90.764132,30], [92.274551,28.489587], [93.99416,26.53908], [95.587903,24.484447], [97.049489,22.333796], [98.373149,20.095617], [99.553661,17.77874], [100.586365,15.392311], [101.467186,12.945747], [102.192646,10.448704], [102.759884,7.911036], [103.166661,5.342759], [103.411371,2.754008], [103.493048,0.155]]}",,sat,,4600,44,,,1253
,,"{""type"":""LineString"", ""coordinates"":[[104.392872,0.155], [104.309419,-2.500508], [104.059389,-5.145536], [103.643769,-7.769646], [103.0642,-10.36248], [102.322969,-12.913807], [101.423,-15.413557], [100.367846,-17.851865], [99.161671,-20.219108], [97.809235,-22.505944], [96.315875,-24.703348], [94.687486,-26.802647], [92.930494,-28.795556], [91.051832,-30.674211], [89.058915,-32.431197], [86.959608,-34.05958], [84.762197,-35.552934], [82.475353,-36.905365], [80.108101,-38.111536], [78.054974,-39], [50,-39], [50,30], [92.036047,30], [92.930494,29.105556], [94.687486,27.112647], [96.315875,25.013348], [97.809235,22.815944], [99.161671,20.529108], [100.367846,18.161865], [101.423,15.723557], [102.322969,13.223807], [103.0642,10.67248], [103.643769,8.079646], [104.059389,5.455536], [104.309419,2.810508], [104.392872,0.155]]}",,sat,,4700,43,,,1254
,,"{""type"":""LineString"", ""coordinates"":[[105.292695,0.155], [105.207467,-2.557008], [104.952117,-5.258314], [104.527655,-7.938255], [103.935754,-10.586256], [103.178751,-13.191867], [102.259634,-15.744803], [101.18203,-18.23499], [99.950192,-20.6526], [98.568981,-22.988092], [97.043848,-25.232249], [95.380812,-27.376214], [93.586437,-29.411526], [91.667803,-31.330152], [89.632484,-33.124521], [87.488511,-34.78755], [85.244346,-36.312678], [82.908846,-37.693884], [80.491227,-38.925718], [80.319571,-39], [50,-39], [50,30], [93.307962,30], [93.586437,29.721526], [95.380812,27.686214], [97.043848,25.542249], [98.568981,23.298092], [99.950192,20.9626], [101.18203,18.54499], [102.259634,16.054803], [103.178751,13.501867], [103.935754,10.896256], [104.527655,8.248255], [104.952117,5.568314], [105.207467,2.867008], [105.292695,0.155]]}",,sat,,4800,42,,,1255
,,"{""type"":""LineString"", ""coordinates"":[[106.192519,0.155], [106.105514,-2.613509], [105.844845,-5.371091], [105.41154,-8.106865], [104.807308,-10.810032], [104.034534,-13.469926], [103.096269,-16.076049], [101.996215,-18.618115], [100.738713,-21.086092], [99.328727,-23.47024], [97.77182,-25.76115], [96.074138,-27.949781], [94.24238,-30.027495], [92.283775,-31.986093], [90.206053,-33.817844], [88.017414,-35.51552], [85.726496,-37.072421], [83.342339,-38.482402], [82.326492,-39], [50,-39], [50,30], [94.539923,30], [96.074138,28.259781], [97.77182,26.07115], [99.328727,23.78024], [100.738713,21.396092], [101.996215,18.928115], [103.096269,16.386049], [104.034534,13.779926], [104.807308,11.120032], [105.41154,8.416865], [105.844845,5.681091], [106.105514,2.923509], [106.192519,0.155]]}",,sat,,4900,41,,,1256
,,"{""type"":""LineString"", ""coordinates"":[[107.092342,0.155], [107.003562,-2.670009], [106.737573,-5.483868], [106.295425,-8.275474], [105.678862,-11.033809], [104.890317,-13.747986], [103.932904,-16.407295], [102.8104,-19.001239], [101.527235,-21.519583], [100.088473,-23.952387], [98.499793,-26.290051], [96.767464,-28.523348], [94.898323,-30.643464], [92.899747,-32.642033], [90.779622,-34.511167], [88.546317,-36.24349], [86.208645,-37.832164], [84.233936,-39], [50,-39], [50,30], [95.738918,30], [96.767464,28.833348], [98.499793,26.600051], [100.088473,24.262387], [101.527235,21.829583], [102.8104,19.311239], [103.932904,16.717295], [104.890317,14.057986], [105.678862,11.343809], [106.295425,8.585474], [106.737573,5.793868], [107.003562,2.980009], [107.092342,0.155]]}",,sat,,5000,40,,,1257
,,"{""type"":""LineString"", ""coordinates"":[[107.992166,0.155], [107.90161,-2.726509], [107.630301,-5.596646], [107.17931,-8.444084], [106.550416,-11.257585], [105.7461,-14.026046], [104.769539,-16.73854], [103.624584,-19.384364], [102.315756,-21.953075], [100.848219,-24.434535], [99.227765,-26.818952], [97.46079,-29.096915], [95.554266,-31.259433], [93.515718,-33.297974], [91.353191,-35.204491], [89.07522,-36.97146], [86.690795,-38.591908], [86.000746,-39], [50,-39], [50,30], [96.937913,30], [97.46079,29.406915], [99.227765,27.128952], [100.848219,24.744535], [102.315756,22.263075], [103.624584,19.694364], [104.769539,17.04854], [105.7461,14.336046], [106.550416,11.567585], [107.17931,8.754084], [107.630301,5.906646], [107.90161,3.036509], [107.992166,0.155]]}",,sat,,5100,39,,,1258
,,"{""type"":""LineString"", ""coordinates"":[[108.891989,0.155], [108.799658,-2.783009], [108.523029,-5.709423], [108.063195,-8.612693], [107.421969,-11.481361], [106.601883,-14.304105], [105.606173,-17.069786], [104.438769,-19.767489], [103.104277,-22.386567], [101.607965,-24.916683], [99.955738,-27.347853], [98.154116,-29.670482], [96.210209,-31.875403], [94.13169,-33.953914], [91.92676,-35.897814], [89.604123,-37.699429], [87.690384,-39], [50,-39], [50,30], [98.136909,30], [98.154116,29.980482], [99.955738,27.657853], [101.607965,25.226683], [103.104277,22.696567], [104.438769,20.077489], [105.606173,17.379786], [106.601883,14.614105], [107.421969,11.791361], [108.063195,8.922693], [108.523029,6.019423], [108.799658,3.093009], [108.891989,0.155]]}",,sat,,5200,38,,,1259
,,"{""type"":""LineString"", ""coordinates"":[[109.791812,0.155], [109.697706,-2.839509], [109.415757,-5.822201], [108.94708,-8.781303], [108.293523,-11.705137], [107.457666,-14.582165], [106.442808,-17.401032], [105.252953,-20.150614], [103.892799,-22.820058], [102.367711,-25.398831], [100.68371,-27.876754], [98.847441,-30.244049], [96.866152,-32.491372], [94.747661,-34.609855], [92.500329,-36.591137], [90.133026,-38.427399], [89.290466,-39], [50,-39], [50,30], [99.277207,30], [100.68371,28.186754], [102.367711,25.708831], [103.892799,23.130058], [105.252953,20.460614], [106.442808,17.711032], [107.457666,14.892165], [108.293523,12.015137], [108.94708,9.091303], [109.415757,6.132201], [109.697706,3.149509], [109.791812,0.155]]}",,sat,,5300,37,,,1260
,,"{""type"":""LineString"", ""coordinates"":[[110.691636,0.155], [110.595754,-2.896009], [110.308486,-5.934978], [109.830965,-8.949912], [109.165077,-11.928913], [108.313449,-14.860225], [107.279443,-17.732278], [106.067138,-20.533739], [104.68132,-23.25355], [103.127457,-25.880978], [101.411683,-28.405655], [99.540767,-30.817615], [97.522095,-33.107341], [95.363633,-35.265796], [93.073899,-37.284461], [90.86223,-39], [50,-39], [50,30], [100.415439,30], [101.411683,28.715655], [103.127457,26.190978], [104.68132,23.56355], [106.067138,20.843739], [107.279443,18.042278], [108.313449,15.170225], [109.165077,12.238913], [109.830965,9.259912], [110.308486,6.244978], [110.595754,3.206009], [110.691636,0.155]]}",,sat,,5400,36,,,1261
,,"{""type"":""LineString"", ""coordinates"":[[111.591459,0.155], [111.493802,-2.95251], [111.201214,-6.047755], [110.71485,-9.118522], [110.036631,-12.15269], [109.169232,-15.138285], [108.116077,-18.063524], [106.881323,-20.916863], [105.469841,-23.687042], [103.887203,-26.363126], [102.139655,-28.934556], [100.234093,-31.391182], [98.178038,-33.723311], [95.979604,-35.921736], [93.647468,-37.977784], [92.32963,-39], [50,-39], [50,30], [101.55367,30], [102.139655,29.244556], [103.887203,26.673126], [105.469841,23.997042], [106.881323,21.226863], [108.116077,18.373524], [109.169232,15.448285], [110.036631,12.46269], [110.71485,9.428522], [111.201214,6.357755], [111.493802,3.26251], [111.591459,0.155]]}",,sat,,5500,35,,,1262
,,,"{""type"":""LineString"", ""coordinates"":[[100.049313,7.372324], [100.044784,7.229379], [100.031213,7.086998], [100.008653,6.945742], [99.977195,6.806171], [99.936963,6.668833], [99.888114,6.534272], [99.830842,6.403019], [99.765373,6.27559], [99.691965,6.152491], [99.610908,6.034205], [99.522522,5.9212], [99.427155,5.813922], [99.325185,5.712794], [99.217012,5.618216], [99.103066,5.530561], [98.983794,5.450174], [98.859668,5.377373], [98.731177,5.312445], [98.59883,5.255646], [98.463147,5.207201], [98.324665,5.167301], [98.18393,5.136103], [98.041497,5.113731], [97.897929,5.100272], [97.753792,5.095779], [97.609655,5.100272], [97.466087,5.113731], [97.323654,5.136103], [97.182919,5.167301], [97.044437,5.207201], [96.908754,5.255646], [96.776406,5.312445], [96.647916,5.377373], [96.52379,5.450174], [96.404518,5.530561], [96.290572,5.618216], [96.182399,5.712794], [96.080429,5.813922], [95.985062,5.9212], [95.896676,6.034205], [95.815619,6.152491], [95.742211,6.27559], [95.676742,6.403019], [95.61947,6.534272], [95.570621,6.668833], [95.530389,6.806171], [95.498931,6.945742], [95.476371,7.086998], [95.4628,7.229379], [95.458271,7.372324], [95.4628,7.51527], [95.476371,7.657651], [95.498931,7.798906], [95.530389,7.938478], [95.570621,8.075815], [95.61947,8.210376], [95.676742,8.34163], [95.742211,8.469058], [95.815619,8.592158], [95.896676,8.710444], [95.985062,8.823449], [96.080429,8.930727], [96.182399,9.031854], [96.290572,9.126432], [96.404518,9.214088], [96.52379,9.294475], [96.647916,9.367276], [96.776406,9.432204], [96.908754,9.489002], [97.044437,9.537447], [97.182919,9.577347], [97.323654,9.608545], [97.466087,9.630918], [97.609655,9.644377], [97.753792,9.648869], [97.897929,9.644377], [98.041497,9.630918], [98.18393,9.608545], [98.324665,9.577347], [98.463147,9.537447], [98.59883,9.489002], [98.731177,9.432204], [98.859668,9.367276], [98.983794,9.294475], [99.103066,9.214088], [99.217012,9.126432], [99.325185,9.031854], [99.427155,8.930727], [99.522522,8.823449], [99.610908,8.710444], [99.691965,8.592158], [99.765373,8.469058], [99.830842,8.34163], [99.888114,8.210376], [99.936963,8.075815], [99.977195,7.938478], [100.008653,7.798906], [100.031213,7.657651], [100.044784,7.51527], [100.049313,7.372324]]}",hour,,,,2014-03-08 02:41:00,253,1263
,,,"{""type"":""LineString"", ""coordinates"":[[105.012358,7.372324], [104.998035,6.920323], [104.955122,6.470105], [104.883789,6.023448], [104.784317,5.582115], [104.657098,5.147847], [104.502636,4.722357], [104.321539,4.307326], [104.114522,3.904391], [103.882402,3.515142], [103.626095,3.141116], [103.346613,2.783789], [103.045059,2.44457], [102.722622,2.124799], [102.380576,1.825738], [102.02027,1.548566], [101.643126,1.294378], [101.250633,1.064177], [100.844339,0.858871], [100.425848,0.679271], [99.996812,0.526086], [99.558924,0.399919], [99.113912,0.301269], [98.663532,0.230526], [98.209561,0.187968], [97.753792,0.173763], [97.298023,0.187968], [96.844052,0.230526], [96.393672,0.301269], [95.94866,0.399919], [95.510772,0.526086], [95.081736,0.679271], [94.663245,0.858871], [94.256951,1.064177], [93.864458,1.294378], [93.487314,1.548566], [93.127008,1.825738], [92.784962,2.124799], [92.462525,2.44457], [92.160971,2.783789], [91.881489,3.141116], [91.625182,3.515142], [91.393062,3.904391], [91.186045,4.307326], [91.004948,4.722357], [90.850486,5.147847], [90.723267,5.582115], [90.623795,6.023448], [90.552462,6.470105], [90.509549,6.920323], [90.495226,7.372324], [90.509549,7.824326], [90.552462,8.274543], [90.623795,8.7212], [90.723267,9.162534], [90.850486,9.596802], [91.004948,10.022291], [91.186045,10.437323], [91.393062,10.840258], [91.625182,11.229506], [91.881489,11.603532], [92.160971,11.96086], [92.462525,12.300079], [92.784962,12.61985], [93.127008,12.918911], [93.487314,13.196083], [93.864458,13.450271], [94.256951,13.680472], [94.663245,13.885777], [95.081736,14.065377], [95.510772,14.218563], [95.94866,14.34473], [96.393672,14.443379], [96.844052,14.514123], [97.298023,14.556681], [97.753792,14.570886], [98.209561,14.556681], [98.663532,14.514123], [99.113912,14.443379], [99.558924,14.34473], [99.996812,14.218563], [100.425848,14.065377], [100.844339,13.885777], [101.250633,13.680472], [101.643126,13.450271], [102.02027,13.196083], [102.380576,12.918911], [102.722622,12.61985], [103.045059,12.300079], [103.346613,11.96086], [103.626095,11.603532], [103.882402,11.229506], [104.114522,10.840258], [104.321539,10.437323], [104.502636,10.022291], [104.657098,9.596802], [104.784317,9.162534], [104.883789,8.7212], [104.955122,8.274543], [104.998035,7.824326], [105.012358,7.372324]]}",hour,,,,2014-03-08 03:22:00,800,1264
,,,"{""type"":""LineString"", ""coordinates"":[[107.307879,7.372324], [107.289027,6.777378], [107.232543,6.184779], [107.13865,5.596866], [107.00772,5.015961], [106.840269,4.444356], [106.636958,3.884305], [106.398589,3.33802], [106.126103,2.807657], [105.820575,2.295309], [105.483211,1.802997], [105.115343,1.332664], [104.718422,0.886168], [104.294015,0.465269], [103.843796,0.07163], [103.369544,-0.293198], [102.873128,-0.627772], [102.356509,-0.930775], [101.821725,-1.201008], [101.270886,-1.437407], [100.706167,-1.639037], [100.129797,-1.805104], [99.544049,-1.934952], [98.951237,-2.028068], [98.353698,-2.084085], [97.753792,-2.102782], [97.153886,-2.084085], [96.556347,-2.028068], [95.963535,-1.934952], [95.377787,-1.805104], [94.801417,-1.639037], [94.236698,-1.437407], [93.685859,-1.201008], [93.151075,-0.930775], [92.634456,-0.627772], [92.13804,-0.293198], [91.663787,0.07163], [91.213569,0.465269], [90.789162,0.886168], [90.392241,1.332664], [90.024373,1.802997], [89.687009,2.295309], [89.381481,2.807657], [89.108995,3.33802], [88.870626,3.884305], [88.667315,4.444356], [88.499864,5.015961], [88.368934,5.596866], [88.275041,6.184779], [88.218557,6.777378], [88.199705,7.372324], [88.218557,7.967271], [88.275041,8.55987], [88.368934,9.147782], [88.499864,9.728687], [88.667315,10.300293], [88.870626,10.860344], [89.108995,11.406628], [89.381481,11.936992], [89.687009,12.44934], [90.024373,12.941652], [90.392241,13.411984], [90.789162,13.858481], [91.213569,14.27938], [91.663787,14.673019], [92.13804,15.037846], [92.634456,15.372421], [93.151075,15.675423], [93.685859,15.945657], [94.236698,16.182055], [94.801417,16.383686], [95.377787,16.549753], [95.963535,16.6796], [96.556347,16.772717], [97.153886,16.828734], [97.753792,16.847431], [98.353698,16.828734], [98.951237,16.772717], [99.544049,16.6796], [100.129797,16.549753], [100.706167,16.383686], [101.270886,16.182055], [101.821725,15.945657], [102.356509,15.675423], [102.873128,15.372421], [103.369544,15.037846], [103.843796,14.673019], [104.294015,14.27938], [104.718422,13.858481], [105.115343,13.411984], [105.483211,12.941652], [105.820575,12.44934], [106.126103,11.936992], [106.398589,11.406628], [106.636958,10.860344], [106.840269,10.300293], [107.00772,9.728687], [107.13865,9.147782], [107.232543,8.55987], [107.289027,7.967271], [107.307879,7.372324]]}",hour,,,,2014-03-08 03:41:00,1053,1265
,,,"{""type"":""LineString"", ""coordinates"":[[112.270924,7.372324], [112.242278,6.468322], [112.156452,5.567886], [112.013786,4.674573], [111.814841,3.791906], [111.560405,2.923369], [111.25148,2.07239], [110.889286,1.242328], [110.475252,0.436458], [110.011012,-0.34204], [109.498398,-1.090092], [108.939434,-1.804747], [108.336326,-2.483184], [107.691453,-3.122726], [107.00736,-3.720849], [106.286748,-4.275192], [105.53246,-4.783568], [104.747474,-5.24397], [103.934886,-5.654582], [103.097905,-6.013782], [102.239832,-6.320153], [101.364056,-6.572486], [100.474031,-6.769786], [99.573271,-6.911273], [98.66533,-6.996389], [97.753792,-7.024798], [96.842254,-6.996389], [95.934313,-6.911273], [95.033553,-6.769786], [94.143528,-6.572486], [93.267752,-6.320153], [92.409679,-6.013782], [91.572698,-5.654582], [90.76011,-5.24397], [89.975124,-4.783568], [89.220836,-4.275192], [88.500224,-3.720849], [87.816131,-3.122726], [87.171258,-2.483184], [86.56815,-1.804747], [86.009186,-1.090092], [85.496572,-0.34204], [85.032332,0.436458], [84.618298,1.242328], [84.256104,2.07239], [83.947179,2.923369], [83.692743,3.791906], [83.493798,4.674573], [83.351132,5.567886], [83.265306,6.468322], [83.23666,7.372324], [83.265306,8.276327], [83.351132,9.176762], [83.493798,10.070076], [83.692743,10.952743], [83.947179,11.82128], [84.256104,12.672259], [84.618298,13.502321], [85.032332,14.308191], [85.496572,15.086688], [86.009186,15.834741], [86.56815,16.549396], [87.171258,17.227833], [87.816131,17.867375], [88.500224,18.465498], [89.220836,19.019841], [89.975124,19.528217], [90.76011,19.988619], [91.572698,20.39923], [92.409679,20.75843], [93.267752,21.064802], [94.143528,21.317135], [95.033553,21.514434], [95.934313,21.655921], [96.842254,21.741037], [97.753792,21.769447], [98.66533,21.741037], [99.573271,21.655921], [100.474031,21.514434], [101.364056,21.317135], [102.239832,21.064802], [103.097905,20.75843], [103.934886,20.39923], [104.747474,19.988619], [105.53246,19.528217], [106.286748,19.019841], [107.00736,18.465498], [107.691453,17.867375], [108.336326,17.227833], [108.939434,16.549396], [109.498398,15.834741], [110.011012,15.086688], [110.475252,14.308191], [110.889286,13.502321], [111.25148,12.672259], [111.560405,11.82128], [111.814841,10.952743], [112.013786,10.070076], [112.156452,9.176762], [112.242278,8.276327], [112.270924,7.372324]]}",hour,,,,2014-03-08 04:22:00,1600,1266
,,,"{""type"":""LineString"", ""coordinates"":[[114.566445,7.372324], [114.533269,6.325376], [114.433873,5.28256], [114.268647,4.247991], [114.038245,3.225752], [113.743575,2.219878], [113.385802,1.234338], [112.966336,0.273022], [112.486832,-0.660276], [111.949185,-1.561873], [111.355514,-2.428211], [110.708164,-3.255871], [110.009689,-4.041586], [109.262845,-4.782256], [108.470581,-5.474957], [107.636022,-6.116956], [106.762462,-6.705719], [105.853349,-7.238922], [104.912272,-7.714461], [103.942942,-8.13046], [102.949188,-8.485276], [101.934929,-8.777509], [100.904169,-9.006007], [99.860976,-9.169866], [98.809467,-9.268441], [97.753792,-9.301343], [96.698117,-9.268441], [95.646608,-9.169866], [94.603415,-9.006007], [93.572655,-8.777509], [92.558396,-8.485276], [91.564641,-8.13046], [90.595312,-7.714461], [89.654234,-7.238922], [88.745122,-6.705719], [87.871562,-6.116956], [87.037003,-5.474957], [86.244739,-4.782256], [85.497895,-4.041586], [84.79942,-3.255871], [84.15207,-2.428211], [83.558399,-1.561873], [83.020752,-0.660276], [82.541248,0.273022], [82.121782,1.234338], [81.764008,2.219878], [81.469339,3.225752], [81.238937,4.247991], [81.073711,5.28256], [80.974315,6.325376], [80.941139,7.372324], [80.974315,8.419273], [81.073711,9.462089], [81.238937,10.496658], [81.469339,11.518897], [81.764008,12.524771], [82.121782,13.510311], [82.541248,14.471627], [83.020752,15.404925], [83.558399,16.306522], [84.15207,17.17286], [84.79942,18.00052], [85.497895,18.786235], [86.244739,19.526905], [87.037003,20.219606], [87.871562,20.861605], [88.745122,21.450367], [89.654234,21.983571], [90.595312,22.45911], [91.564641,22.875108], [92.558396,23.229924], [93.572655,23.522158], [94.603415,23.750655], [95.646608,23.914515], [96.698117,24.01309], [97.753792,24.045992], [98.809467,24.01309], [99.860976,23.914515], [100.904169,23.750655], [101.934929,23.522158], [102.949188,23.229924], [103.942942,22.875108], [104.912272,22.45911], [105.853349,21.983571], [106.762462,21.450367], [107.636022,20.861605], [108.470581,20.219606], [109.262845,19.526905], [110.009689,18.786235], [110.708164,18.00052], [111.355514,17.17286], [111.949185,16.306522], [112.486832,15.404925], [112.966336,14.471627], [113.385802,13.510311], [113.743575,12.524771], [114.038245,11.518897], [114.268647,10.496658], [114.433873,9.462089], [114.533269,8.419273], [114.566445,7.372324]]}",hour,,,,2014-03-08 04:41:00,1853,1267
,,,"{""type"":""LineString"", ""coordinates"":[[119.52949,7.372324], [119.48652,6.01632], [119.357782,4.665667], [119.143782,3.325697], [118.845366,2.001696], [118.463711,0.698891], [118.000324,-0.577577], [117.457032,-1.822671], [116.835981,-3.031476], [116.139622,-4.199222], [115.370702,-5.3213], [114.532255,-6.393283], [113.627593,-7.410938], [112.660283,-8.370252], [111.634144,-9.267436], [110.553226,-10.098951], [109.421794,-10.861514], [108.244314,-11.552118], [107.025433,-12.168034], [105.769961,-12.706835], [104.482853,-13.166391], [103.169188,-13.544891], [101.834151,-13.84084], [100.483011,-14.053071], [99.121099,-14.180745], [97.753792,-14.223359], [96.386485,-14.180745], [95.024573,-14.053071], [93.673433,-13.84084], [92.338396,-13.544891], [91.024731,-13.166391], [89.737623,-12.706835], [88.482151,-12.168034], [87.26327,-11.552118], [86.08579,-10.861514], [84.954358,-10.098951], [83.87344,-9.267436], [82.847301,-8.370252], [81.879991,-7.410938], [80.975328,-6.393283], [80.136882,-5.3213], [79.367962,-4.199222], [78.671603,-3.031476], [78.050552,-1.822671], [77.50726,-0.577577], [77.043873,0.698891], [76.662218,2.001696], [76.363802,3.325697], [76.149802,4.665667], [76.021064,6.01632], [75.978094,7.372324], [76.021064,8.728329], [76.149802,10.078981], [76.363802,11.418952], [76.662218,12.742953], [77.043873,14.045758], [77.50726,15.322226], [78.050552,16.567319], [78.671603,17.776124], [79.367962,18.94387], [80.136882,20.065949], [80.975328,21.137931], [81.879991,22.155587], [82.847301,23.1149], [83.87344,24.012085], [84.954358,24.843599], [86.08579,25.606163], [87.26327,26.296766], [88.482151,26.912683], [89.737623,27.451483], [91.024731,27.91104], [92.338396,28.28954], [93.673433,28.585489], [95.024573,28.79772], [96.386485,28.925394], [97.753792,28.968008], [99.121099,28.925394], [100.483011,28.79772], [101.834151,28.585489], [103.169188,28.28954], [104.482853,27.91104], [105.769961,27.451483], [107.025433,26.912683], [108.244314,26.296766], [109.421794,25.606163], [110.553226,24.843599], [111.634144,24.012085], [112.660283,23.1149], [113.627593,22.155587], [114.532255,21.137931], [115.370702,20.065949], [116.139622,18.94387], [116.835981,17.776124], [117.457032,16.567319], [118.000324,15.322226], [118.463711,14.045758], [118.845366,12.742953], [119.143782,11.418952], [119.357782,10.078981], [119.48652,8.728329], [119.52949,7.372324]]}",hour,,,,2014-03-08 05:22:00,2400,1268
,,,"{""type"":""LineString"", ""coordinates"":[[120,16.468854], [120,-1.724205], [119.534082,-2.791976], [118.847562,-4.12821], [118.077795,-5.419055], [117.227817,-6.65942], [116.300985,-7.844407], [115.300956,-8.969341], [114.231675,-10.029781], [113.097365,-11.021544], [111.9025,-11.940714], [110.651796,-12.783665], [109.35019,-13.547069], [108.002819,-14.227914], [106.614999,-14.823513], [105.192208,-15.331514], [103.740061,-15.749914], [102.264289,-16.077062], [100.770716,-16.311665], [99.265236,-16.452798], [97.753792,-16.499904], [96.242348,-16.452798], [94.736868,-16.311665], [93.243295,-16.077062], [91.767523,-15.749914], [90.315376,-15.331514], [88.892585,-14.823513], [87.504765,-14.227914], [86.157394,-13.547069], [84.855788,-12.783665], [83.605084,-11.940714], [82.410219,-11.021544], [81.275909,-10.029781], [80.206628,-8.969341], [79.206599,-7.844407], [78.279767,-6.65942], [77.429789,-5.419055], [76.660022,-4.12821], [75.973502,-2.791976], [75.372938,-1.415629], [74.860702,-0.0046], [74.438814,1.435542], [74.10894,2.899115], [73.872381,4.380341], [73.730072,5.873375], [73.682573,7.372324], [73.730072,8.871274], [73.872381,10.364308], [74.10894,11.845534], [74.438814,13.309106], [74.860702,14.749249], [75.372938,16.160278], [75.973502,17.536625], [76.660022,18.872858], [77.429789,20.163704], [78.279767,21.404068], [79.206599,22.589056], [80.206628,23.713989], [81.275909,24.77443], [82.410219,25.766193], [83.605084,26.685363], [84.855788,27.528314], [86.157394,28.291718], [87.504765,28.972563], [88.892585,29.568161], [90.102062,30], [105.405522,30], [106.614999,29.568161], [108.002819,28.972563], [109.35019,28.291718], [110.651796,27.528314], [111.9025,26.685363], [113.097365,25.766193], [114.231675,24.77443], [115.300956,23.713989], [116.300985,22.589056], [117.227817,21.404068], [118.077795,20.163704], [118.847562,18.872858], [119.534082,17.536625], [120,16.468854]]}",hour,,,,2014-03-08 05:41:00,2653,1269
,,,"{""type"":""LineString"", ""coordinates"":[[120,25.867166], [120,-11.122517], [118.918859,-12.338693], [117.629113,-13.617777], [116.260928,-14.814023], [114.819704,-15.922709], [113.311128,-16.939461], [111.741155,-17.860265], [110.11598,-18.681487], [108.442017,-19.399888], [106.725873,-20.01263], [104.97432,-20.517296], [103.19427,-20.911895], [101.39275,-21.194869], [99.576868,-21.365102], [97.753792,-21.421921], [95.930715,-21.365102], [94.114834,-21.194869], [92.313313,-20.911895], [90.533264,-20.517296], [88.781711,-20.01263], [87.065567,-19.399888], [85.391604,-18.681487], [83.766429,-17.860265], [82.196456,-16.939461], [80.68788,-15.922709], [79.246656,-14.814023], [77.878471,-13.617777], [76.588725,-12.338693], [75.382507,-10.981818], [74.264579,-9.552508], [73.239352,-8.056404], [72.310873,-6.499409], [71.482805,-4.887669], [70.758416,-3.227544], [70.140566,-1.525587], [69.631693,0.211487], [69.233805,1.976821], [68.948472,3.763449], [68.776821,5.564319], [68.719528,7.372324], [68.776821,9.18033], [68.948472,10.9812], [69.233805,12.767828], [69.631693,14.533162], [70.140566,16.270235], [70.758416,17.972193], [71.482805,19.632318], [72.310873,21.244058], [73.239352,22.801052], [74.264579,24.297157], [75.382507,25.726467], [76.588725,27.083341], [77.878471,28.362426], [79.246656,29.558671], [79.820356,30], [115.687228,30], [116.260928,29.558671], [117.629113,28.362426], [118.918859,27.083341], [120,25.867166]]}",hour,,,,2014-03-08 06:22:00,3200,1270
,,,"{""type"":""LineString"", ""coordinates"":[[120,29.22907], [120,-14.484422], [119.200506,-15.277307], [117.724149,-16.568131], [116.168978,-17.764473], [114.54113,-18.861611], [112.847031,-19.855216], [111.093366,-20.741367], [109.287055,-21.516566], [107.435228,-22.177753], [105.545193,-22.72232], [103.624408,-23.148116], [101.680455,-23.453463], [99.721005,-23.637154], [97.753792,-23.698466], [95.786578,-23.637154], [93.827129,-23.453463], [91.883176,-23.148116], [89.962391,-22.72232], [88.072356,-22.177753], [86.220529,-21.516566], [84.414218,-20.741367], [82.660553,-19.855216], [80.966454,-18.861611], [79.338606,-17.764473], [77.783435,-16.568131], [76.307078,-15.277307], [74.915361,-13.897095], [73.613778,-12.432943], [72.407463,-10.890628], [71.301179,-9.276237], [70.299292,-7.596143], [69.405755,-5.856975], [68.624094,-4.065596], [67.957396,-2.229078], [67.40829,-0.354667], [66.978943,1.550239], [66.671052,3.478122], [66.485829,5.421373], [66.424007,7.372324], [66.485829,9.323275], [66.671052,11.266527], [66.978943,13.19441], [67.40829,15.099316], [67.957396,16.973726], [68.624094,18.810245], [69.405755,20.601623], [70.299292,22.340792], [71.301179,24.020886], [72.407463,25.635276], [73.613778,27.177591], [74.915361,28.641744], [76.28494,30], [119.222644,30], [120,29.22907]]}",hour,,,,2014-03-08 06:41:00,3453,1271
,,,"{""type"":""LineString"", ""coordinates"":[[120,30], [120,-21.043497], [119.086182,-21.746468], [117.200463,-23.017407], [115.237996,-24.168412], [113.206527,-25.19494], [111.114074,-26.092941], [108.968893,-26.858869], [106.779452,-27.489702], [104.55439,-27.98295], [102.30249,-28.336668], [100.032638,-28.549458], [97.753792,-28.620482], [95.474946,-28.549458], [93.205094,-28.336668], [90.953194,-27.98295], [88.728132,-27.489702], [86.538691,-26.858869], [84.39351,-26.092941], [82.301057,-25.19494], [80.269588,-24.168412], [78.307121,-23.017407], [76.421402,-21.746468], [74.619872,-20.360609], [72.90964,-18.865302], [71.297458,-17.266447], [69.789686,-15.570354], [68.392276,-13.783716], [67.110742,-11.913586], [65.950143,-9.967342], [64.915058,-7.952667], [64.009572,-5.877511], [63.23726,-3.750064], [62.601168,-1.578723], [62.103808,0.627945], [61.747142,2.86123], [61.532578,5.112317], [61.460962,7.372324], [61.532578,9.632331], [61.747142,11.883419], [62.103808,14.116704], [62.601168,16.323371], [63.23726,18.494713], [64.009572,20.62216], [64.915058,22.697316], [65.950143,24.711991], [67.110742,26.658234], [68.392276,28.528365], [69.543309,30], [120,30]]}",hour,,,,2014-03-08 07:22:00,4000,1272
,,,"{""type"":""LineString"", ""coordinates"":[[120,30], [120,-23.88172], [118.430464,-24.939558], [116.343872,-26.163364], [114.183913,-27.25482], [111.959111,-28.209619], [109.678248,-29.023991], [107.350325,-29.694725], [104.984528,-30.219171], [102.590195,-30.595262], [100.176775,-30.821511], [97.753792,-30.897027], [95.330809,-30.821511], [92.917389,-30.595262], [90.523056,-30.219171], [88.157259,-29.694725], [85.829336,-29.023991], [83.548472,-28.209619], [81.323671,-27.25482], [79.163712,-26.163364], [77.077119,-24.939558], [75.072128,-23.588231], [73.156651,-22.114718], [71.338248,-20.524832], [69.624095,-18.824849], [68.020956,-17.021478], [66.53516,-15.121836], [65.17257,-13.133419], [63.938562,-11.064076], [62.838008,-8.921973], [61.87525,-6.715563], [61.054089,-4.453556], [60.377765,-2.144876], [59.848947,0.201363], [59.469722,2.575903], [59.241586,4.969372], [59.165441,7.372324], [59.241586,9.775277], [59.469722,12.168746], [59.848947,14.543286], [60.377765,16.889525], [61.054089,19.198204], [61.87525,21.460212], [62.838008,23.666622], [63.938562,25.808725], [65.17257,27.878068], [66.53516,29.866485], [66.639588,30], [120,30]]}",hour,,,,2014-03-08 07:41:00,4253,1273
,,,"{""type"":""LineString"", ""coordinates"":[[120,30], [120,-28.198549], [118.092292,-29.317437], [115.729186,-30.511546], [113.29514,-31.556145], [110.799758,-32.447111], [108.252891,-33.180927], [105.664588,-33.754699], [103.045065,-34.166161], [100.404659,-34.413689], [97.753792,-34.496307], [95.102925,-34.413689], [92.462519,-34.166161], [89.842996,-33.754699], [87.254693,-33.180927], [84.707826,-32.447111], [82.212444,-31.556145], [79.778398,-30.511546], [77.415292,-29.317437], [75.132452,-27.978531], [72.938889,-26.50011], [70.843259,-24.888011], [68.853833,-23.148595], [66.978461,-21.288726], [65.224546,-19.315746], [63.599009,-17.23744], [62.108265,-15.06201], [60.758197,-12.798043], [59.554135,-10.454472], [58.500829,-8.040547], [57.602436,-5.565794], [56.862503,-3.039981], [56.283948,-0.473075], [55.869057,2.124793], [55.619465,4.743371], [55.536158,7.372324], [55.619465,10.001277], [55.869057,12.619855], [56.283948,15.217724], [56.862503,17.78463], [57.602436,20.310443], [58.500829,22.785196], [59.554135,25.199121], [60.758197,27.542692], [62.108265,29.806659], [62.240755,30], [120,30]]}",hour,,,,2014-03-08 08:11:00,4653,1274
,,,"{""type"":""LineString"", ""coordinates"":[[120,30], [120,-29.734529], [118.734837,-30.476559], [116.297074,-31.708393], [113.78613,-32.785993], [111.211913,-33.705107], [108.584584,-34.462107], [105.91451,-35.054005], [103.212229,-35.478466], [100.488407,-35.733815], [97.753792,-35.819043], [95.019177,-35.733815], [92.295355,-35.478466], [89.593074,-35.054005], [86.923,-34.462107], [84.295671,-33.705107], [81.721454,-32.785993], [79.21051,-31.708393], [76.772747,-30.476559], [74.417787,-29.095353], [72.154924,-27.570226], [69.993088,-25.907196], [67.94081,-24.112827], [66.006191,-22.194201], [64.196865,-20.158889], [62.519973,-18.014924], [60.982133,-15.770768], [59.589413,-13.435276], [58.347311,-11.017665], [57.260728,-8.527478], [56.333953,-5.974542], [55.570644,-3.368932], [54.973811,-0.720931], [54.545812,1.959011], [54.288335,4.660316], [54.202396,7.372324], [54.288335,10.084333], [54.545812,12.785638], [54.973811,15.46558], [55.570644,18.113581], [56.333953,20.719191], [57.260728,23.272127], [58.347311,25.762314], [59.589413,28.179924], [60.674776,30], [120,30]]}",hour,,,,2014-03-08 08:22:00,4800,1275
,,,"{""type"":""LineString"", ""coordinates"":[[120,30], [120,-32.378088], [119.840713,-32.471511], [117.27446,-33.768273], [114.631168,-34.902671], [111.921268,-35.87023], [109.155457,-36.66713], [106.344648,-37.290226], [103.499934,-37.73706], [100.695138,-38], [94.812446,-38], [92.00765,-37.73706], [89.162936,-37.290226], [86.352127,-36.66713], [83.586315,-35.87023], [80.876416,-34.902671], [78.233124,-33.768273], [75.666871,-32.471511], [73.187785,-31.017504], [70.80565,-29.41199], [68.529867,-27.661304], [66.369418,-25.772357], [64.332828,-23.752604], [62.428135,-21.610014], [60.662857,-19.353044], [59.04396,-16.990601], [57.577832,-14.53201], [56.270261,-11.986971], [55.126407,-9.365531], [54.150783,-6.678033], [53.34724,-3.935086], [52.71895,-1.147513], [52.268392,1.673684], [51.997343,4.517371], [51.906875,7.372324], [51.997343,10.227278], [52.268392,13.070965], [52.71895,15.892162], [53.34724,18.679734], [54.150783,21.422682], [55.126407,24.110179], [56.270261,26.73162], [57.577832,29.276658], [58.009181,30], [120,30]]}",hour,,,,2014-03-08 08:41:00,5053,1276
"{""type"":""Point"", ""coordinates"":[93.5544627261571,-1.13461183020177]}",,,,,,3500,55,2014-03-08 03:41:00,1053,1277
"{""type"":""Point"", ""coordinates"":[93.2494921993461,-8.68439783734482]}",,,,,,3600,54,2014-03-08 04:41:00,1853,1278
"{""type"":""Point"", ""coordinates"":[93.2016796535411,-16.0678367420582]}",,,,,,3900,51,2014-03-08 05:41:00,2653,1279
"{""type"":""Point"", ""coordinates"":[92.851352110143,-23.3001925526244]}",,,,,,4300,47,2014-03-08 06:41:00,3453,1280
"{""type"":""Point"", ""coordinates"":[91.3662717458899,-33.9939677847961]}",,,,,,5000,40,2014-03-08 08:11:00,4653,1281
"{""type"":""Point"", ""coordinates"":[91.218123428558,-35.3092597664344]}",,,,,,5100,39,2014-03-08 08:22:00,4800,1282
"{""type"":""Point"", ""coordinates"":[91.1888221181696,-37.6084424525946]}",,,,,,5300,37,2014-03-08 08:41:00,5053,1283
